{
  "seeds": [
    "42",
    "456"
  ],
  "combined_score": 0.6266326250270925,
  "workload_scores": {
    "overload_mixed_slo": {
      "score": 0.6541273337750942,
      "slo_attainment": 0.30829659567587997,
      "capped_throughput": 1.0,
      "jain_fairness": 0.9998951796857714,
      "avg_e2e_ms": 6496.460999739584,
      "avg_p95_ms": 14854.680799999995,
      "num_runs": 2
    },
    "bursty_adversary": {
      "score": 0.5991379162790907,
      "slo_attainment": 0.198356927732234,
      "capped_throughput": 1.0,
      "jain_fairness": 0.9997972620648689,
      "avg_e2e_ms": 11178.303222291666,
      "avg_p95_ms": 22716.29834999999,
      "num_runs": 2
    }
  },
  "slo_targets": {
    "batch": 33340,
    "critical": 994,
    "sheddable": 9948,
    "standard": 3185
  },
  "throughput_cap": 0.5
}