{
  "id": "3ec838c3-06bb-42c2-9cd2-bf2d40eee7d1",
  "generation": 2,
  "iteration": 7,
  "timestamp": 1774366830.100065,
  "parent_id": "0291875b-b723-4290-9002-6a04a4b0f09d",
  "metrics": {
    "combined_score": 0.8699522252633667,
    "improvement_vs_baseline_pct": 38.82970508050938,
    "slo_attainment": 0.8435026389911996,
    "capped_throughput": 1.0,
    "jain_fairness": 0.7410045288388346,
    "avg_e2e_ms": 1197.2660274393834,
    "overload_mixed_slo_score": 0.86907789999957,
    "bursty_adversary_score": 0.8708265505271635,
    "success_rate": 1.0,
    "num_successful": 4,
    "artifacts": {
      "workload_scores": {
        "overload_mixed_slo": {
          "score": 0.86907789999957,
          "slo_attainment": 0.8462646874287019,
          "capped_throughput": 1.0,
          "jain_fairness": 0.7297277814260954,
          "avg_e2e_ms": 1177.766778580352,
          "avg_p95_ms": 3633.5629999999996,
          "num_runs": 2
        },
        "bursty_adversary": {
          "score": 0.8708265505271635,
          "slo_attainment": 0.8407405905536973,
          "capped_throughput": 1.0,
          "jain_fairness": 0.7522812762515738,
          "avg_e2e_ms": 1216.7652762984148,
          "avg_p95_ms": 4017.9328749999977,
          "num_runs": 2
        }
      },
      "slo_targets": {
        "batch": 33340,
        "critical": 994,
        "sheddable": 9948,
        "standard": 3185
      },
      "throughput_cap": 0.5,
      "baseline_score": 0.6266326250270925
    }
  },
  "language": "python",
  "saved_at": 1774367666.636999
}