{
  "workload_v1": {
    "42": {
      "default": {
        "instance_id": "cluster",
        "completed_requests": 2500,
        "still_queued": 0,
        "still_running": 0,
        "injected_requests": 2500,
        "total_input_tokens": 32015587,
        "total_output_tokens": 100772,
        "vllm_estimated_duration_s": 60.03029,
        "responses_per_sec": 41.64564255811524,
        "tokens_per_sec": 1678.6858767465558,
        "e2e_mean_ms": 4588.7358556,
        "e2e_p90_ms": 9459.1006,
        "e2e_p95_ms": 10264.684799999999,
        "e2e_p99_ms": 15464.81122,
        "ttft_mean_ms": 3688.6402472,
        "ttft_p90_ms": 7800.7051,
        "ttft_p95_ms": 8386.87305,
        "ttft_p99_ms": 14043.360079999999,
        "itl_mean_ms": 22.330002590005158,
        "itl_p90_ms": 47.791,
        "itl_p95_ms": 47.826,
        "itl_p99_ms": 47.856,
        "scheduling_delay_p99_ms": 13995.79201,
        "preemption_count": 0,
        "dropped_unservable": 0,
        "length_capped_requests": 0,
        "timed_out_requests": 0
      },
      "oracle": {
        "instance_id": "cluster",
        "completed_requests": 2500,
        "still_queued": 0,
        "still_running": 0,
        "injected_requests": 2500,
        "total_input_tokens": 32015587,
        "total_output_tokens": 100772,
        "vllm_estimated_duration_s": 56.736086,
        "responses_per_sec": 44.06366699317256,
        "tokens_per_sec": 1776.1535400943942,
        "e2e_mean_ms": 3029.1316908,
        "e2e_p90_ms": 6603.3722,
        "e2e_p95_ms": 8082.045049999999,
        "e2e_p99_ms": 14602.59245,
        "ttft_mean_ms": 2541.1342592,
        "ttft_p90_ms": 5771.9723,
        "ttft_p95_ms": 7278.5971,
        "ttft_p99_ms": 13939.37703,
        "itl_mean_ms": 12.106473812170046,
        "itl_p90_ms": 47.095,
        "itl_p95_ms": 47.308,
        "itl_p99_ms": 47.449,
        "scheduling_delay_p99_ms": 13892.30701,
        "preemption_count": 0,
        "dropped_unservable": 0,
        "length_capped_requests": 0,
        "timed_out_requests": 0
      }
    },
    "123": {
      "default": {
        "instance_id": "cluster",
        "completed_requests": 2500,
        "still_queued": 0,
        "still_running": 0,
        "injected_requests": 2500,
        "total_input_tokens": 32135493,
        "total_output_tokens": 98429,
        "vllm_estimated_duration_s": 54.953297,
        "responses_per_sec": 45.49317577797016,
        "tokens_per_sec": 1791.1391194599298,
        "e2e_mean_ms": 4546.8546160000005,
        "e2e_p90_ms": 11197.446100000001,
        "e2e_p95_ms": 12005.114300000001,
        "e2e_p99_ms": 12960.67218,
        "ttft_mean_ms": 3620.8088308,
        "ttft_p90_ms": 9747.865099999999,
        "ttft_p95_ms": 10146.611050000001,
        "ttft_p99_ms": 10761.56101,
        "itl_mean_ms": 23.520654106005342,
        "itl_p90_ms": 47.779,
        "itl_p95_ms": 47.809,
        "itl_p99_ms": 47.856,
        "scheduling_delay_p99_ms": 10713.898009999999,
        "preemption_count": 0,
        "dropped_unservable": 0,
        "length_capped_requests": 0,
        "timed_out_requests": 0
      },
      "oracle": {
        "instance_id": "cluster",
        "completed_requests": 2500,
        "still_queued": 0,
        "still_running": 0,
        "injected_requests": 2500,
        "total_input_tokens": 32135493,
        "total_output_tokens": 98429,
        "vllm_estimated_duration_s": 52.816914,
        "responses_per_sec": 47.33332204906936,
        "tokens_per_sec": 1863.5886223871391,
        "e2e_mean_ms": 3181.0136667999996,
        "e2e_p90_ms": 9162.675000000001,
        "e2e_p95_ms": 10736.1654,
        "e2e_p99_ms": 11132.41402,
        "ttft_mean_ms": 2635.4751852000004,
        "ttft_p90_ms": 8238.7014,
        "ttft_p95_ms": 9557.1088,
        "ttft_p99_ms": 9730.74402,
        "itl_mean_ms": 13.856142031311911,
        "itl_p90_ms": 47.308,
        "itl_p95_ms": 47.449,
        "itl_p99_ms": 47.555,
        "scheduling_delay_p99_ms": 9677.23001,
        "preemption_count": 0,
        "dropped_unservable": 0,
        "length_capped_requests": 0,
        "timed_out_requests": 0
      }
    },
    "456": {
      "default": {
        "instance_id": "cluster",
        "completed_requests": 2500,
        "still_queued": 0,
        "still_running": 0,
        "injected_requests": 2500,
        "total_input_tokens": 32686416,
        "total_output_tokens": 100574,
        "vllm_estimated_duration_s": 51.260567,
        "responses_per_sec": 48.77043205550184,
        "tokens_per_sec": 1962.014973420017,
        "e2e_mean_ms": 7818.6789155999995,
        "e2e_p90_ms": 14452.931700000001,
        "e2e_p95_ms": 15488.1006,
        "e2e_p99_ms": 16681.59653,
        "ttft_mean_ms": 6695.2563276,
        "ttft_p90_ms": 12627.0121,
        "ttft_p95_ms": 13494.78205,
        "ttft_p99_ms": 14661.83333,
        "itl_mean_ms": 27.92527362936743,
        "itl_p90_ms": 47.844,
        "itl_p95_ms": 47.856,
        "itl_p99_ms": 47.879,
        "scheduling_delay_p99_ms": 14613.61601,
        "preemption_count": 0,
        "dropped_unservable": 0,
        "length_capped_requests": 0,
        "timed_out_requests": 0
      },
      "oracle": {
        "instance_id": "cluster",
        "completed_requests": 2500,
        "still_queued": 0,
        "still_running": 0,
        "injected_requests": 2500,
        "total_input_tokens": 32686416,
        "total_output_tokens": 100574,
        "vllm_estimated_duration_s": 48.732359,
        "responses_per_sec": 51.30061526469506,
        "tokens_per_sec": 2063.8032318525766,
        "e2e_mean_ms": 4931.7430472,
        "e2e_p90_ms": 11410.2076,
        "e2e_p95_ms": 11996.73215,
        "e2e_p99_ms": 12855.6891,
        "ttft_mean_ms": 4146.0020276000005,
        "ttft_p90_ms": 9967.5075,
        "ttft_p95_ms": 10139.7386,
        "ttft_p99_ms": 10621.17302,
        "itl_mean_ms": 19.531415166941756,
        "itl_p90_ms": 47.708,
        "itl_p95_ms": 47.791,
        "itl_p99_ms": 47.838,
        "scheduling_delay_p99_ms": 10527.83203,
        "preemption_count": 0,
        "dropped_unservable": 0,
        "length_capped_requests": 0,
        "timed_out_requests": 0
      }
    },
    "789": {
      "default": {
        "instance_id": "cluster",
        "completed_requests": 2500,
        "still_queued": 0,
        "still_running": 0,
        "injected_requests": 2500,
        "total_input_tokens": 32776620,
        "total_output_tokens": 99938,
        "vllm_estimated_duration_s": 49.080833,
        "responses_per_sec": 50.93638080673977,
        "tokens_per_sec": 2036.1920100255838,
        "e2e_mean_ms": 5974.0407404,
        "e2e_p90_ms": 11193.4583,
        "e2e_p95_ms": 11896.306399999998,
        "e2e_p99_ms": 13819.93503,
        "ttft_mean_ms": 4870.9246924,
        "ttft_p90_ms": 9443.3671,
        "ttft_p95_ms": 9829.550049999996,
        "ttft_p99_ms": 11628.966840000001,
        "itl_mean_ms": 27.59501010626588,
        "itl_p90_ms": 47.809,
        "itl_p95_ms": 47.832,
        "itl_p99_ms": 47.844,
        "scheduling_delay_p99_ms": 11554.139009999999,
        "preemption_count": 0,
        "dropped_unservable": 0,
        "length_capped_requests": 0,
        "timed_out_requests": 0
      },
      "oracle": {
        "instance_id": "cluster",
        "completed_requests": 2500,
        "still_queued": 0,
        "still_running": 0,
        "injected_requests": 2500,
        "total_input_tokens": 32776620,
        "total_output_tokens": 99938,
        "vllm_estimated_duration_s": 45.529525,
        "responses_per_sec": 54.9094241593779,
        "tokens_per_sec": 2195.0152126559633,
        "e2e_mean_ms": 3820.4968827999996,
        "e2e_p90_ms": 8297.0822,
        "e2e_p95_ms": 9182.988299999995,
        "e2e_p99_ms": 10043.76433,
        "ttft_mean_ms": 3168.4522044,
        "ttft_p90_ms": 6946.3421,
        "ttft_p95_ms": 8415.418049999995,
        "ttft_p99_ms": 8708.25118,
        "itl_mean_ms": 16.31122992255198,